rep,MCV_px/s,PCV_px/s,duration_s
1,283.6997194687665,600.7996437799235,1.4959462419866456
